Id,Entity,alternative name,records lost,YEAR,dateval,SECTOR,METHOD,DATA SENSITIVITY,source name,1st source link,,,,,,,,
1,AOL,American Online,"9,20,00,000",2004,Jun-04,web,inside job,1,CNN,http://money.cnn.com/2004/06/23/technology/aol_spam/,,,,,,,,
2,Ameritrade Inc.,online broker,"2,00,000",2005,Apr-05,financial,lost device,2,NBC,http://www.nbcnews.com/id/7561268/,,,,,,,,
3,Citigroup,,"39,00,000",2005,Jun-05,financial,lost device,3,NY Times,http://www.nytimes.com/2005/06/07/business/07data.html?pagewanted=all&_moc.semityn.www,,,,,,,,
4,Cardsystems Solutions Inc.,"Third-party payment processor for Visa, Mastercard, Amex,  and Discover","4,00,00,000",2005,Jun-05,financial,hacked,3,Wired,https://www.wired.com/2005/06/cardsystems-data-left-unsecured/,,,,,,,,
5,AOL,American Online,"2,00,00,000",2006,Aug-06,web,oops!,1,Tech Crunch,http://techcrunch.com/2006/08/06/aol-proudly-releases-massive-amounts-of-user-search-data/,,,,,,,,
6,US Dept of Vet Affairs,,"2,65,00,000",2006,Jul-06,"government, military",lost device,2,"GCN, US Gov",http://gcn.com/Articles/2009/02/02/VA-data-breach-suit-settlement.aspx,,,,,,,,
7,Automatic Data Processing,"Business outsourcing, payrolls, benefits","1,25,000",2006,Jul-06,financial,poor security,2,ABC News,http://abcnews.go.com/Technology/story?id=2160425&page=1#.UFcROxgUwaA,,,,,,,,
8,KDDI,Japanese telecommunications operator,"40,00,000",2006,Jun-06,hacked,poor security,1,,http://www.computerworld.com/s/article/9001150/KDDI_suffers_massive_data_breach,,,,,,,,
9,Hewlett Packard,,"2,00,000",2006,Mar-06,"tech, retail",lost device,2,Computer Weekly,https://www.computerweekly.com/news/2240076956/Personal-data-on-200000-HP-employees-stolen,,,,,,,,
10,Monster.com,Jobs website,"16,00,000",2007,Aug-07,web,hacked,2,BBC News,http://news.bbc.co.uk/1/hi/6956349.stm,,,,,,,,
11,Driving Standards Agency,,"30,00,000",2007,Dec-07,government,lost device,2,BBC News,http://news.bbc.co.uk/1/hi/uk_politics/7147715.stm,,,,,,,,
12,Fidelity National Information Services,,"85,00,000",2007,Jul-07,financial,inside job,3,PCWorld,http://www.pcworld.com/article/135117/article.html,,,,,,,,
13,City and Hackney Teaching Primary Care Trust,,"1,60,000",2007,Dec-07,government,lost device,2,Computer Weekly,https://www.computerweekly.com/blog/Computer-Weekly-Editors-Blog/Losing-trust-in-the-Trusts-and-the-dangers-of-being-driven-to-abstraction,,,,,,,,
14,Gap Inc,,"8,00,000",2007,Sep-07,retail,lost device,2,PC World,http://www.pcworld.com/article/137865/article.html,,,,,,,,
15,Dai Nippon Printing,Japanese printing company,"86,37,405",2007,Mar-07,retail,inside job,1,Compare Business Products,https://www.comparebusinessproducts.com/fyi/15-most-massive-data-breaches-history,,,,,,,,
16,TK / TJ Maxx,Largest retail breach to date,"9,40,00,000",2007,Mar-07,retail,hacked,3,ZD Net,http://www.zdnet.com/wi-fi-hack-caused-tk-maxx-security-breach-3039286991/,,,,,,,,
17,JP Morgan Chase,,"26,00,000",2007,May-07,financial,lost device,3,PC World,http://www.pcworld.com/article/131453/article.html,,,,,,,,
18,UK Revenue & Customs,HMRC,"2,50,00,000",2007,Nov-07,government,lost device,1,BBC News,http://news.bbc.co.uk/2/hi/uk_news/7103911.stm,,,,,,,,
19,TD Ameritrade,US online broker,"63,00,000",2007,Sep-07,financial,hacked,1,"Wired, CBNC",http://www.wired.com/threatlevel/2008/07/ameritrade-hack/,,,,,,,,
20,Compass Bank,,"10,00,000",2008,Mar-08,financial,inside job,3,Computer Weekly,http://www.computerworld.com/s/article/9072198/Programmer_who_stole_drive_containing_1_million_bank_records_gets_42_months,,,,,,,,
21,Hannaford Brothers Supermarket Chain,"Delhaize Group: Hannaford Bros, Sweetbay, Food Lion, Bloom, Bottom Dollar, Harveys, Kash n' Karry","42,00,000",2008,Mar-08,retail,hacked,3,NetworkWorld,https://www.networkworld.com/article/2284998/lan-wan/details-emerging-on-hannaford-data-breach.html,,,,,,,,
22,University of Miami,,"21,00,000",2008,Apr-08,academic,lost device,3,Identity Theft,http://www.identitytheft.info/breaches.aspx,,,,,,,,
23,BNY Mellon Shareowner Services,Wealth management,"1,25,00,000",2008,May-08,financial,lost device,1,Reuters,https://www.reuters.com/article/us-mellon-breach-idUSN2143343820080521,,,,,,,,
24,Countrywide Financial Corp,Employee convicted of downloading millions of borrower files and selling the information to other loan officers.,"25,00,000",2008,Aug-08,financial,inside job,2,LATimes,https://notices.californiatimes.com/gdpr/latimes.com/,,,,,,,,
25,UK Home Office,,"84,000",2008,Aug-08,government,lost device,2,Wikipedia,http://en.wikipedia.org/wiki/List_of_UK_government_data_losses,,,,,,,,
26,Countrywide Financial Corp,Mortgage financer,"26,00,000",2008,Aug-08,financial,inside job,3,NetworkWorld,https://www.networkworld.com/article/2274502/lan-wan/security-oversight-may-have-enabled-countrywide-breach.html,,,,,,,,
27,RBS Worldpay,the U.S. payment processing arm of The Royal Bank of Scotland Group,"15,00,000",2008,Dec-08,financial,hacked,5,The Register,http://www.theregister.co.uk/2008/12/29/rbs_worldpay_breach/,,,,,,,,
28,Auction.co.kr,South Korea's largest online shopping site,"1,80,00,000",2008,Feb-08,web,hacked,3,Dark Reading,https://www.darkreading.com/attacks-breaches/hacker-steals-data-on-18m-auction-customers-in-south-korea/d/d-id/1129325,,,,,,,,
29,GS Caltex,Private oil company,"1,11,00,000",2008,Sep-08,energy,inside job,2,The Dong-a Ilbo,http://english.donga.com/srv/service.php3?biid=2008090631088,,,,,,,,
30,AT&T,,"1,13,000",2008,Jun-08,telecoms,lost device,1,NetworkWorld,https://www.networkworld.com/article/2344552/security/latest--lost--laptop-holds-treasure-trove-of-unencrypted-at-t-payroll-data.html,,,,,,,,
31,Stanford University,,"72,000",2008,Jun-08,academic,lost device,2,SFGate,http://www.sfgate.com/bayarea/article/Stanford-employees-data-on-stolen-laptop-3281185.php,,,,,,,,
32,University of Utah Hospitals & Clinics,stolen data tapes,"22,00,000",2008,Jun-08,academic,lost device,4,Salt Lake Tribune,http://archive.sltrib.com/story.php?ref=/ci_9540210,,,,,,,,
33,Chile Ministry Of Education,,"60,00,000",2008,May-08,government,hacked,1,BBC News,http://news.bbc.co.uk/2/hi/americas/7395295.stm,,,,,,,,
34,Jefferson County,"West Virginia, US","16,00,000",2008,Nov-08,government,oops!,2,NBC29,http://www.nbc29.com/Global/story.asp?S=9313271&nav=menu496_2_5,,,,,,,,
35,Texas Lottery,,"89,000",2008,Nov-08,government,inside job,2,Houston Chronicle,https://www.chron.com/news/houston-texas/article/89-000-lottery-winners-affected-by-security-breach-1603025.php,,,,,,,,
36,Starbucks,,"97,000",2008,Nov-08,retail,lost device,2,Info Watch,https://infowatch.com/analytics/leaks_monitoring/1304,,,,,,,,
37,UK Ministry of Defence,,"17,00,000",2008,Oct-08,government,lost device,5,BBC News,http://news.bbc.co.uk/1/hi/uk_politics/7667507.stm,,,,,,,,
38,"T-Mobile, Deutsche Telecom",,"1,70,00,000",2008,Oct-08,telecoms,lost device,1,FT,https://www.ft.com/content/1f33fd7a-9304-11dd-98b5-0000779fd18c,,,,,,,,
39,Norwegian Tax Authorities,,"39,50,000",2008,Sep-08, a country of just 4.6 million inhabitants, to the editorial staff at national newspapers,2,Info Watch,http://infowatch.com/node/1289,,,,,,,,
40,Service Personnel and Veterans Agency (UK),,"50,500",2008,Sep-08,government,lost device,2,BBC News,http://news.bbc.co.uk/1/hi/england/gloucestershire/7639006.stm,,,,,,,,
41,Heartland,Independent payment processor,"13,00,00,000",2009,Jan-09,financial,hacked,3,Dark Reading,https://www.darkreading.com/attacks-and-breaches/heartland-payment-systems-hit-by-data-security-breach/d/d-id/1075770,,,,,,,,
42,US National Guard,,"1,31,000",2009,Dec-09,military,lost device,2,CNN,http://edition.cnn.com/2009/US/12/17/theft.security.breach/index.html,,,,,,,,
43,RockYou!,Developer of online games (Zoo World/Zoo World 2) and advertising products,"3,20,00,000",2009,Dec-09,"web, gaming",hacked,1,Tech Crunch,http://techcrunch.com/2009/12/14/rockyou-hack-security-myspace-facebook-passwords/,,,,,,,,
44,CheckFree Corporation,"Provider of online banking, online bill payment and electronic bill payment services for the financial services industry","50,00,000",2009,Jan-09,financial,hacked,1,Computer World,http://www.computerworld.com/s/article/9125078/CheckFree_warns_5_million_customers_after_hack,,,,,,,,
45,Network Solutions,Domain name registration business,"5,73,000",2009,Jul-09,web,hacked,3,Washington Post,http://voices.washingtonpost.com/securityfix/2009/07/network_solutions_hack_comprom.html,,,,,,,,
46,Virginia Prescription Monitoring Program,,"5,31,400",2009,May-09,healthcare,hacked,2,Digital Health,https://www.digitalhealth.net/2009/05/virginia-department-of-health-hacked/,,,,,,,,
47,Virginia Dept. Of Health,,"82,57,378",2009,May-09,"government, healthcare",hacked,4,Washington Post,http://voices.washingtonpost.com/securityfix/2009/05/hackers_break_into_virginia_he.html,,,,,,,,
48,University of California Berkeley,"details on students, alumni and others","1,60,000",2009,May-09,academic,hacked,3,Cnet,https://www.cnet.com/news/uc-berkeley-computers-hacked-160000-at-risk/,,,,,,,,
49,Health Net,Largest US publicly traded managed health care company,"15,00,000",2009,Nov-09,healthcare,lost device,4,Computer World,https://www.computerworld.com/article/2521838/security0/health-net-says-1-5m-medical-records-lost-in-data-breach.html,,,,,,,,
50,US Military,,"7,60,00,000",2009,Oct-09,military,lost device,2,Wired,http://www.wired.com/threatlevel/2009/10/probe-targets-archives-handling-of-data-on-70-million-vets/,,,,,,,,
51,"AvMed, Inc.",,"12,20,000",2010,Feb-10,healthcare,lost device,2,Hack Notice,https://hacknotice.com/#/hack/5a6f5ed0ba0c8e312e70fd3d,,,,,,,,
52,Blue Cross Blue Shield of Tennessee,US health insurance organization,"10,23,209",2010,May-10,healthcare,lost device,2,Data Breaches,https://www.databreaches.net/bcbs-of-tenn-breach-lessons-learned/,,,,,,,,
53,US Military,Wikileaks / Bradley Manning/Cablegate.,"2,60,000",2010,Nov-10, in searchable format,inside job,5,Guardian,http://www.guardian.co.uk/news/datablog/2010/nov/29/wikileaks-cables-data,,,,,,,,
54,Gawker.com,US news and gossip blog network including Gawker.com Gizmodo.com Lifehacker.com,"15,00,000",2010,Dec-10,web,hacked,2,Guardian,http://www.guardian.co.uk/technology/2010/dec/13/gawker-hackers-passwords-twitter-wikileaks?INTCMP=SRCH,,,,,,,,
55,"Triple-S Salud, Inc.",Puerto-Rican health insurance company,"3,98,000",2010,Nov-10,healthcare,lost device,4,Data Breaches,https://www.databreaches.net/puerto-rico-dept-of-health-reports-breach-affecting-400000-triple-s-salud-fined-100k/,,,,,,,,
56,Ohio State University,,"7,60,000",2010,Dec-10,academic,hacked,2,The Lantern,https://www.thelantern.com/2010/12/hacked-data-breach-costly-for-ohio-state-victims-of-compromised-info/,,,,,,,,
57,"Emergency Healthcare Physicians, Ltd.",A Chicago emergency physician group,"1,80,111",2010,May-10,healthcare,lost device,4,Healthcare Info Security,http://www.healthcareinfosecurity.com/chicago-breach-affects-180000-a-2496,,,,,,,,
58,Colorado government,Department of Health Care Policy & Financing,"1,05,470",2010,Jul-10,healthcare,lost device,2,Data Breaches,http://www.databreaches.net/?p=12611,,,,,,,,
59,AT&T,US Telecoms company,"1,14,000",2010,Jun-10,telecoms,hacked,1,Guardian,http://www.guardian.co.uk/technology/2010/jun/10/apple-ipad-security-leak?INTCMP=SRCH,,,,,,,,
60,Lincoln Medical & Mental Health Center,,"1,30,495",2010,Jun-10,healthcare,lost device,4,Alert Boot,http://www.alertboot.com/blog/blogs/endpoint_security/archive/2010/06/30/disk-encryption-ny-lincoln-medical-notifies-130-945-of-data-breach.aspx,,,,,,,,
61,Educational Credit Management Corp,US student loan guarantor,"33,00,000",2010,Mar-10,financial,lost device,2,Wall Street Journal,https://www.wsj.com/articles/SB10001424052702304434404575150024174102954,,,,,,,,
62,Embassy Cables,"Confidential communications between 274 embassies in countries throughout the world and the State Department in Washington DC, between 1966-2010.","2,51,000",2010,Nov-10,government,inside job,5,,,,,,,"Guardian, Wikileaks",http://wikileaks.org/cablegate.html,https://www.theguardian.com/news/blog/2010/nov/29/wikileaks-us-embassy-cables-live-updates,
63,US Federal Reserve Bank of Cleveland,,"4,00,000",2010,Nov-10,"000 stolen credit and debit card account numbers allegedly obtained by hacking into various computer systems of other financial institutions""""",financial,3,,Bank Info Security,,,,,,,,
64,Classified Iraq War documents,,"3,92,000",2010,Oct-10,government,inside job,2,Forbes,http://www.forbes.com/sites/andygreenberg/2010/10/22/wikileaks-reveals-the-biggest-classified-data-breach-in-history/,,,,,,,,
65,Puerto Rico Department of Health,,"5,15,000",2010,Sep-10,healthcare,hacked,4,Gartner,https://blogs.gartner.com/jack-santos/2010/12/27/year-end-2010-healthcare-breach-synopsis/,,,,,,,,
66,New York City Health & Hospitals Corp.,New York City Health & Hospitals Corporation's North Bronx Healthcare Network,"17,00,000",2011,Feb-11,healthcare,lost device,4,InfoRisk,https://www.inforisktoday.com/new-york-breach-affects-17-million-a-3349,,,,,,,,
67,"Seacoast Radiology, PA",,"2,31,400",2011,Jan-11,healthcare,hacked,2,Fosters,http://www.fosters.com/apps/pbcs.dll/article?AID=/20110120/GJNEWS_01/701209744,,,,,,,,
68,"South Shore Hospital, Massachusetts",,"8,00,000",2011,Sep-11,healthcare,lost device,5,Boston Globe,http://archive.boston.com/business/technology/articles/2011/09/21/two_million_mass_residents_hit_by_data_breach_leaks/,,,,,,,,
69,Betfair,UK gambling site,"23,00,000",2011,May-11,web,hacked,3,FT,https://www.ft.com/content/819f5b1c-eb80-11e0-a576-00144feab49a,,,,,,,,
70,"Ankle & foot Center of Tampa Bay, Inc.",,"1,56,000",2011,Jan-11,healthcare,hacked,4,Phi Privacy,http://www.phiprivacy.net/?p=5743,,,,,,,,
71,Yale University,,"43,000",2011,Aug-11,academic,careless,2,NBC News,http://www.nbcnews.com/id/44235153/ns/technology_and_science-security/t/data-breach-hits-yale-university/,,,,,,,,
72,Morgan Stanley Smith Barney,,"34,000",2011,Jul-11,financial,lost device,3,ABC News,https://abcnews.go.com/Business/morgan-stanley-smith-barney-breach-losing-client-data/story?id=14008632,,,,,,,,
73,State of Texas,,"35,00,000",2011,Apr-11,government,oops!,2,Dallas News,http://www.dallasnews.com/news/texas/2011/04/11/breach-in-texas-comptrollers-office-exposes-3.5-million-social-security-numbers-birth-dates,,,,,,,,
74,Epsilon,Marketing email provider,"30,00,000",2011,Apr-11,web,hacked,1,Guardian,https://www.theguardian.com/technology/2011/apr/04/epsilon-email-hack,,,,,,,,
75,Sony PSN,,"7,70,00,000",2011,Apr-11,gaming,hacked,1,Mashable,http://mashable.com/2011/05/31/sony-playstation-services-return/,,,,,,,,
76,US Law Enforcement,,"1,23,461",2011,Aug-11,government,hacked,3,PC World,"http://www.pcmag.com/article2/0,2817,2390683,00.asp",,,,,,,,
77,University of Wisconsin - Milwaukee,,"73,000",2011,Aug-11,academic,hacked,2,ZDNet,https://www.zdnet.com/article/university-of-wisconsin-hacked-75000-social-security-numbers-student-names-exposed/,,,,,,,,
78,Stratfor,geopolitical intelligence firm,"9,35,000",2011,Dec-11,military,hacked,3,NYTimes,https://www.nytimes.com/2011/12/26/technology/hackers-breach-the-web-site-of-stratfor-global-intelligence.html?ref=technology&mtrref=bits.blogs.nytimes.com&gwh=A41315BCE5C521B2A0D451BEFF0886E9&gwt=pay,,,,,,,,
79,Chinese gaming sites,,"1,00,00,000",2011,Dec-11,web,hacked,1,eHacking News,http://www.ehackingnews.com/2011/12/hackers-compromised-38-million-chinese.html,,,,,,,,
80,Southern California Medical-Legal Consultants,,"3,00,000",2011,Jun-11,healthcare,hacked,2,Data Breaches,https://www.databreaches.net/southern-california-medical-legal-consultants-reveals-that-300000-workers-compensation-applicants-names-and-social-security-numbers-were-exposed-on-internet/,,,,,,,,
81,Writerspace.com,Website design and hosting for writers,"62,000",2011,Jun-11,web,hacked,1,PC Mag,"http://www.pcmag.com/article2/0,2817,2387186,00.asp",,,,,,,,
82,Bethesda Game Studios,"US video game company (Elder Scrolls, Fallout 3)","2,00,000",2011,Jun-11,gaming,hacked,1,PC World,http://www.pcworld.com/article/231215/lulzsec_a_short_history_of_hacking.html,,,,,,,,
83,Sega,,"12,90,755",2011,Jun-11,gaming,hacked,2,ZDNet, http://www.zdnet.com/blog/gamification/sega-1-3-million-customer-records-hacked-lulzsec-promises-retribution/481,,,,,,,,
84,Citigroup,,"3,60,083",2011,Jun-11,financial,hacked,3,PC World,http://www.pcworld.com/article/229891/Citigroup_Hack_Nets_Over_200k_in_Stolen_Customer_Details.html,,,,,,,,
85,Sony Pictures,,"10,00,000",2011,Jun-11,web,hacked,1,Mashable,,,,,,,,,
86,Accendo Insurance Co.,,"1,75,350",2011,Jun-11,healthcare,poor security,2,Data Breaches,http://www.databreaches.net/?p=19198,,,,,,,,
87,Washington Post,,"12,70,000",2011,Jul-11,media,hacked,2,PC Mag,"http://www.pcmag.com/article2/0,2817,2388200,00.asp",,,,,,,,
88,Health Net - IBM,Data lost from HN servers managed by IBM,"19,00,000",2011,Mar-11,healthcare,lost device,3,IEEE Spectrum,https://spectrum.ieee.org/riskfactor/computing/it/health-net-data-breaches-affects-19-million-people,,,,,,,,
89,Eisenhower Medical Center,California hospital,"5,14,330",2011,Apr-11,healthcare,lost device,4,Data Breach Info,http://databreachinvestigation.blogspot.com/2011/04/thief-gets-away-with-eisenhower-medical.html,,,,,,,,
90,Spartanburg Regional Healthcare System,,"4,00,000",2011,May-11,healthcare,lost device,4,GoUpstate,http://www.goupstate.com/news/20110527/spartanburg-regional-patients-affected-by-computer-breach,,,,,,,,
91,NHS,"UK's national health service, govt funded","86,00,000",2011,Jun-11,healthcare,lost device,4,Alphr,https://www.alphr.com/news/security/368062/nhs-loses-laptop-holding-8m-patient-records,,,,,,,,
92,San Francisco Public Utilities Commission,,"1,80,000",2011,Jun-11,government,hacked,1,CNET,http://news.cnet.com/8301-27080_3-20068386-245/sf-utilities-agency-warns-of-potential-breach/,,,,,,,,
93,Sony Online Entertainment,,"2,46,00,000",2011,May-11,gaming,hacked,3,Computer Weekly,http://www.computerworld.com/s/article/9216343/Sony_cuts_off_Sony_Online_Entertainment_service_after_hack,,,,,,,,
94,Honda Canada,,"2,83,000",2011,May-11,retail,hacked,2,Guelph Mercury,http://www.guelphmercury.com/news-story/2200845-honda-canada-hit-by-online-security-breach-283-000-car-owners-personal-data-stolen/,,,,,,,,
95,Massachusetts Government,Massachusetts Executive Office of Labor and Workforce,"2,10,000",2011,May-11,government,hacked,5,NBC News,http://www.nbcnews.com/id/43086769/ns/technology_and_science-security/t/huge-data-breach-puts-risk/#.XAfhPhP7TUI,,,,,,,,
96,Oregon Department of Motor Vehicles,,"10,00,000",2011,May-11,government,hacked,2,Data Breaches,https://www.databreaches.net/or-deputies-man-used-dmv-database-in-id-theft/,,,,,,,,
97,Steam,gaming portal,"3,50,00,000",2011,Nov-11,web,hacked,3,SC Mag,http://www.bbc.co.uk/news/technology-15690187,,,,,,,,
98,Restaurant Depot,"food, equipment, and supplies for restaurants","2,00,000",2011,Nov-11,retail,hacked,3,NBC News,http://www.nbcnews.com/id/45737191/ns/technology_and_science-security/t/restaurant-depot-hack-exposes-customers-credit-card-info/#.XAgzFhP7TUI,,,,,,,,
99,Nexon Korea Corp,game developer,"1,32,00,000",2011,Nov-11,web,hacked,2,Reuters,http://www.reuters.com/article/2011/11/26/us-korea-hacking-nexon-idUSTRE7AP09H20111126,,,,,,,,
100,Nemours Foundation,US children's hospitals,"10,55,489",2011,Oct-11,healthcare,lost device,4,Law360,https://www.law360.com/articles/277961/nemours-says-data-breach-affected-1-6m-patients,,,,,,,,
101,Sutter Medical Foundation,,"42,43,434",2011,Nov-11,healthcare,lost device,2,Trend Micro,https://blog.trendmicro.com/sutter-health-sued-for-1-billion-following-data-breach/,,,,,,,,
102,Tricare,Healthcare service for US Military,"49,01,432",2011,Sep-11,"military, healthcare",lost device,4,Reuters,http://www.reuters.com/article/us-data-breach-texas-idUSTRE78S5JG20110929,,,,,,,,
103,China Software Developer Network,,"60,00,000",2012,Mar-12,web,hacked,1,ZDNet,http://www.zdnet.com/blog/security/chinese-hacker-arrested-for-leaking-6-million-logins/11064,,,,,,,,
104,Global Payments,"Credit, debit and check processing for merchants (Visa, Mastercard, etc)","70,00,000",2012,Apr-12,financial,hacked,3,Washington Post,http://www.washingtonpost.com/business/technology/faq-the-global-payments-hack/2012/04/02/gIQAIHLLrS_story.html,,,,,,,,
105,South Carolina Government,South Carolina Department of Health and Human Services,"64,00,000",2012,Apr-12,healthcare,inside job,4,The State,http://www.thestate.com/2012/04/20/2241321/personal-information-of-more-than.html#.UFpUVqRYtmg,,,,,,,,
106,Three Iranian banks,"Saderat, Eghtesad Novin, & Saman","30,00,000",2012,Apr-12,financial,hacked,5,ZD Net,http://www.zdnet.com/blog/security/3-million-bank-accounts-hacked-in-iran/11577,,,,,,,,
107,California Department of Child Support Services,,"8,00,000",2012,Apr-12,government,lost device,2,Business Insider,https://www.businessinsider.com/california-child-support-data-breach-2012-4?IR=T,,,,,,,,
108,Emory Healthcare,hospital system in Atlanta,"3,15,000",2012,Apr-12,healthcare,lost device,4,Emory,http://news.emory.edu/stories/2012/04/ehc_missing_data/campus.html,,,,,,,,
109,Office of the Texas Attorney General,,"65,00,000",2012,Apr-12,government,oops!,2,Raw Story,http://www.rawstory.com/rs/2012/04/26/texas-attorney-general-exposes-millions-of-voters-social-security-numbers/,,,,,,,,
110,Medicaid,US health program for low income people and families,"7,80,000",2012,Apr-12,"government, healthcare",hacked,5,Reuters,https://www.reuters.com/article/us-usa-hackers-utah/european-hackers-suspected-in-utah-medicaid-files-breach-idUSBRE83404G20120405,,,,,,,,
111,Dropbox,,"6,80,00,000",2012,Aug-12,web,hacked,1,"Tech Republic, Dropbox",https://www.techrepublic.com/article/2012-dropbox-hack-worse-than-realized-68m-passwords-leaked/,,,,,,,,
112,Blizzard,"Activision, Battle.net","1,40,00,000",2012,Aug-12,gaming,hacked,2,Forbes,https://www.forbes.com/sites/erikkain/2012/08/09/its-official-blizzard-hacked-account-information-stolen/#6dfbcdc355d1,,,,,,,,
113,New York State Electric & Gas,,"18,00,000",2012,Jan-12,energy,inside job,2,Data Breaches,https://www.databreaches.net/nyseg-and-rge-notify-customers-of-unauthorized-access-to-customer-data/,,,,,,,,
114,Memorial Healthcare System,Florida,"1,02,153",2012,Apr-12,healthcare,lost device,2,Modern Healthcare,https://www.modernhealthcare.com/article/20120413/NEWS/304139950,,,,,,,,
115,Zappos,,"2,40,00,000",2012,Jan-12,web,hacked,2,Forbes,http://www.forbes.com/sites/andygreenberg/2012/01/15/zappos-says-hackers-accessed-24-million-customers-account-details/,,,,,,,,
116,Formspring, Interest-based social Q&A website,"4,20,000",2012,Jul-12,web,hacked,1,CNet,http://news.cnet.com/8301-1009_3-57469944-83/formspring-disables-user-passwords-in-security-breach/?tag=mncol;txt,,,,,,,,
117,KT Corp.,Korean mobile carrier,"87,00,000",2012,Jul-12,telecoms,hacked,2,"Korea Times, CNet",http://www.koreatimes.co.kr/www/news/biz/2012/07/113_116143.html,,,,,,,,
118,Yahoo Voices,,"4,50,000",2012,Jul-12,"tech, web",hacked,1,Slashdot,http://it.slashdot.org/story/12/07/12/1243217/nearly-half-a-million-yahoo-passwords-leaked-updated?utm_source=feedburnerGoogle+Reader&utm_medium=feed&utm_campaign=Feed%3A+Slashdot%2Fslashdot+%28Slashdot%29&utm_content=Google+Reader,,,,,,,,
119,Last.fm,Owned by CBS,"4,35,00,000",2012,Sep-16,web,hacked,1,ZD Net,http://www.zdnet.com/article/hackers-stole-43-million-last-fm-account-details-in-2012-breach/,,,,,,,,
120,"LinkedIn, eHarmony, Last.fm",,"80,00,000",2012,Jun-12,web,hacked,1,Cnet,http://news.cnet.com/8301-1009_3-57449325-83/what-the-password-leaks-mean-to-you-faq/?tag=mncol;txt,,,,,,,,
121,Gamigo,,"80,00,000",2012,Jul-12,web,hacked,1,Forbes,http://www.forbes.com/sites/andygreenberg/2012/07/23/eight-million-passwords-spilled-from-gaming-site-gamigo-months-after-breach/,,,,,,,,
122,Militarysingles.com,"Online dating network for, you guessed it, military singles","1,63,792",2012,Mar-12,"web, military",hacked,1,PC World,http://www.pcworld.com/article/252647/reborn_lulzsec_claims_hack_of_dating_site_for_military_personnel.html,,,,,,,,
123,Apple,,"1,23,67,232",2012,Mar-12,"tech, retail",oops!,2,CNET,http://news.cnet.com/8301-1009_3-57505330-83/antisec-claims-to-have-snatched-12m-apple-device-ids-from-fbi/,,,,,,,,
124,Greek government,,"90,00,000",2012,Nov-12,government,hacked,2,Wired,http://www.wired.co.uk/news/archive/2012-11/22/greece-id-theft,,,,,,,,
125,South Carolina State Dept. of Revenue,,"36,00,000",2012,Oct-12,government,hacked,1,Information Week,http://www.infoworld.com/article/2615754/cyber-crime/south-carolina-reveals-massive-data-breach-of-social-security-numbers--credit-cards.html,,,,,,,,
126,Massive American business hack,"7-Eleven, JC Penney, Hannaford, Heartland, JetBlue, Dow Jones, Euronet, Visa Jordan, Global Payment, Diners Singapore and Ingenicard","16,00,00,000",2013,Jul-13,financial,hacked,5,Technology Review,https://www.technologyreview.com/s/517551/prosecutors-describe-massive-breach-of-credit-card-data/,,,,,,,,
127,"Affinity Health Plan, Inc.",,"3,44,579",2013,Aug-13,healthcare,lost device,4,Proskauer,https://privacylaw.proskauer.com/2013/08/articles/identity-theft/a-1-2-million-photocopier-mistake-health-plan-settles-with-hhs-in-hipaa-breach-case/,,,,,,,,
128,Citigroup,,"1,50,000",2013,Jul-13,financial,hacked,2,Softpedia,,,,,,,,,
129,Tianya,"Usernames, clear tect passwords and email addresses hacked.","4,00,00,000",2013,Jul-13,web,hacked,1,"Computer World, Hacker News","http://www.scmagazine.com.au/News/349585,28-million-clear-text-passwords-found-after-tianya65279-hack.aspx",,,,,,,,
130,Scribd,world's largest online library,"5,00,000",2013,Apr-13,web,hacked,1,"Naked Security, NBC News",http://nakedsecurity.sophos.com/2013/04/05/scribd-worlds-largest-online-library-admits-to-network-intrusion-password-breach/,,,,,,,,
131,Kissinger Cables,,"17,00,000",2013,Apr-13,government,inside job,3,Wikileaks,https://www.wikileaks.org/plusd/about/,,,,,,,,
132,Living Social,special offers website,"5,00,00,000",2013,Apr-13,web,hacked,1,"Naked Security, New York Times",http://nakedsecurity.sophos.com/2013/04/27/livingsocial-hacked-50-million-affected/,,,,,,,,
133,Yahoo,,"3,00,00,00,000",2013,Dec-16,web,hacked,2,"NY Times, BBC",http://www.nytimes.com/2016/12/14/technology/yahoo-hack.html?action=Click&contentCollection=BreakingNews&contentID=64651831&pgtype=Homepage&_r=0,,,,,,,,
134,SnapChat,,"47,00,000",2013,Jan-14,"web, tech",hacked,2,BBC News,https://www.bbc.co.uk/news/technology-25572661,,,,,,,,
135,University of Delaware,,"74,000",2013,Aug-13,academic,hacked,2,University of Delaware,http://www1.udel.edu/udaily/2014/jul/resources073013.html,,,,,,,,
136,Central Hudson Gas & Electric,,"1,10,000",2013,Feb-13,energy,hacked,3,eSecurity Planet,https://www.esecurityplanet.com/network-security/central-hudson-gas-and-electric-hacked.html,,,,,,,,
137,Twitter,,"2,50,000",2013,Feb-13,web,hacked,1,CNN,https://edition.cnn.com/2013/02/01/tech/social-media/twitter-hacked/index.html,,,,,,,,
138,"Crescent Health Inc., Walgreens",,"1,00,000",2013,Feb-13,healthcare,lost device,4,Healthcare IT News,https://www.healthcareitnews.com/news/walgreens-company-announces-data-breach,,,,,,,,
139,Florida Department of Juvenile Justice,,"1,00,000",2013,Jan-13,government,lost device,2,Data Breaches,https://www.databreaches.net/stolen-florida-dept-of-juvenile-justice-device-contained-records-of-more-than-100000-youth-and-employees/,,,,,,,,
140,Advocate Medical Group,,"40,00,000",2013,Aug-13,healthcare,lost device,2,Health IT Security,http://healthitsecurity.com/2013/08/27/advocate-medical-group-endures-massive-data-breach/,,,,,,,,
141,OVH,French Internet host,,2013,Jul-13,web,hacked,2,OVH,http://status.ovh.net/?do=details&id=5070,,,,,,,,
142,Apple,,"2,75,000",2013,Jul-13,web,hacked,1,The Guardian,,,,,,,,,
143,NASDAQ,Nasdaq OMX Group,"5,00,000",2013,Jul-13,financial,hacked,1,Reuters,http://www.reuters.com/article/2013/07/18/net-us-nasdaq-cybercrime-website-idUSBRE96H1F520130718,,,,,,,,
144,UbiSoft,games company,"5,80,00,000",2013,Jul-13,gaming,hacked,2,BBC News,,,,,,,,,
145,Ubuntu,"The discussion forum for the popular alternative, open-source operating system","20,00,000",2013,Jul-13,"tech, web",hacked,3,Ars Technica,http://arstechnica.com/security/2013/07/hack-exposes-e-mail-addresses-password-data-for-2-million-ubuntu-forum-users/,,,,,,,,
146,Nintendo,Japan's Club Nintendo service,"2,40,000",2013,Jun-13,gaming,hacked,2,ZDNet,https://www.zdnet.com/article/club-nintendo-site-hacked-customer-data-exposed/,,,,,,,,
147,National Security Agency,,"15,00,000",2013,Jun-13,government,inside job,5,Business Insider,http://uk.businessinsider.com/snowden-leaks-timeline-2016-9,,,,,,,,
148,Facebook,,"60,00,000",2013,Jun-13,web,oops!,2,,https://www.facebook.com/notes/facebook-security/important-message-from-facebooks-white-hat-program/10151437074840766,,,,,,,,
149,Evernote,online note-taking site,"5,00,00,000",2013,Mar-13,web,hacked,1,"Wired, Digital Trends",http://www.wired.co.uk/news/archive/2013-03/04/evernote-hacked,,,,,,,,
150,Kirkwood Community College,Hacked online database,"1,25,000",2013,Apr-13,academic,hacked,2,eSecurity Planet,https://www.esecurityplanet.com/hackers/kirkwood-community-college-hacked.html,,,,,,,,
151,Yahoo Japan,,"2,20,00,000",2013,May-13,"tech, web",hacked,1,Reuters,http://www.reuters.com/article/2013/05/17/us-yahoojapan-idUSBRE94G0P620130517,,,,,,,,
152,Drupal,open-source content management platform,"10,00,000",2013,May-13,web,hacked,1,Ars Technica,http://arstechnica.com/security/2013/05/drupal-org-resets-login-credentials-after-hack-exposes-password-data/,,,,,,,,
153,TerraCom & YourTel,,"1,70,000",2013,May-13,telecoms,oops!,2,"Boing Boing, Wired",http://www.wired.co.uk/news/archive/2013-05/23/reporter-google-breach-hacker,,,,,,,,
154,Washington State court system,Administrative offices,"1,60,000",2013,May-13,government,hacked,2,"Reuters, Privacy Rights",http://www.reuters.com/article/2013/05/09/us-usa-hack-washingtonstate-idUSBRE9480YY20130509,,,,,,,,
155,MacRumours.com,,"8,60,000",2013,Nov-13,web,hacked,1,Wired,http://www.wired.co.uk/news/archive/2013-11/13/mac-rumours-forums-hacked,,,,,,,,
156,Court Ventures,Experian,"20,00,00,000",2013,Oct-13,financial,inside job,2,"NY Times, Gov Tech",http://bits.blogs.nytimes.com/2013/10/24/senator-intensifies-probe-of-data-brokers/?_php=true&_type=blogs&_r=0,,,,,,,,
157,Vodafone,,"20,00,000",2013,Sep-13,telecoms,inside job,3,Security Week,http://www.securityweek.com/attacker-steals-data-2-million-vodafone-germany-customers,,,,,,,,
158,Adobe,,"3,60,00,000",2013,Oct-13,tech,hacked,5,Adobe,http://helpx.adobe.com/x-productkb/policy-pricing/customer-alert.html,,,,,,,,
159,"D&B, Altegrity",,"10,00,000",2013,Sep-13,tech,hacked,3,USA Today; Reuters,http://www.usatoday.com/story/cybertruth/2013/09/26/lexisnexis-dunn--bradstreet-altegrity-hacked/2878769/,,,,,,,,
160,ssndob.ms,,"40,00,000",2013,Sep-13,web,hacked,2,Krebs on Security,http://krebsonsecurity.com/2013/09/data-broker-giants-hacked-by-id-theft-service/,,,,,,,,
161,Target,,"7,00,00,000",2013,Dec-13,retail,hacked,3,Huffington Post,http://www.huffingtonpost.com/2013/12/19/target-hacked-customer-credit-card-data-accessed_n_4471672.html?utm_hp_ref=mostpopular,,,,,,,,
162,Neiman Marcus,US retailer,"11,00,000",2014,Jan-14,retail,hacked,2,NY Times,http://www.nytimes.com/2014/01/24/business/neiman-marcus-breach-affected-1-1-million-cards.html,,,,,,,,
163,AOL,,"24,00,000",2014,Apr-14,web,hacked,1,NBC News,https://www.nbcnews.com/tech/security/youve-got-hacked-aol-confirms-significant-number-mail-users-hit-n91701,,,,,,,,
164,Community Health Systems,,"45,00,000",2014,Aug-14,healthcare,hacked,2,CNN,http://money.cnn.com/2014/08/18/technology/security/hospital-chs-hack/,,,,,,,,
165,Privatization Agency of the Republic of Serbia,,"51,90,396",2014,Dec-14,government,oops!,2,Poverenik,https://www.poverenik.rs/en/press-releases/1953-povreda-prava-na-zastitu-podataka-o-licnosti-skoro-svih-punoletnih-gradjana-srbije.html,,,,,,,,
166,Sony Pictures,,"1,00,00,000",2014,Dec-14,media,hacked,3,Buzzfeed,http://www.buzzfeed.com/tomgara/sony-hack,,,,,,,,
167,Indiana University,,"1,46,000",2014,Feb-14,academic,poor security,2,Indiana University,http://news.iu.edu/releases/iu/2014/02/data-exposure-disclosure.shtml,,,,,,,,
168,Ebay,,"14,50,00,000",2014,May-14,web,hacked,1,Business Insider,https://www.businessinsider.com/cyber-thieves-took-data-on-145-million-ebay-customers-by-hacking-3-corporate-employees-2014-5?r=US&IR=T,,,,,,,,
169,UPS,,"40,00,000",2014,Aug-14,retail,hacked,3,Time,http://time.com/3151681/ups-hack/,,,,,,,,
170,European Central Bank,,"40,00,000",2014,Jul-14,financial,hacked,1,City am,http://www.cityam.com/1406190300/ecb-website-hacked,,,,,,,,
171,JP Morgan Chase,,"7,60,00,000",2014,Oct-14,financial,hacked,3,Deal Book,http://dealbook.nytimes.com/2014/10/02/jpmorgan-discovers-further-cyber-security-issues/?_php=true&_type=blogs&_r=0,,,,,,,,
172,New York Taxis,,"52,000",2014,Jun-14,transport,poor security,1,Medium,https://medium.com/@vijayp/f6bc289679a1,,,,,,,,
173,HSBC Turkey,,"27,00,000",2014,Nov-14,financial,hacked,4,Reuters,http://www.reuters.com/article/us-hsbc-turkey-cybersecurity/hsbc-turkey-says-customer-credit-card-data-stolen-idUSKCN0IW1RR20141112,,,,,,,,
174,Japan Airlines,,"7,50,000",2014,Sep-14,transport,hacked,2,"WSJ, Japan Airlines",http://online.wsj.com/articles/japan-airlines-reports-hacker-attack-1412053828,,,,,,,,
175,Staples,,"11,60,000",2014,Dec-14,retail,hacked,3,Fortune,http://fortune.com/2014/12/19/staples-cards-affected-breach/,,,,,,,,
176,Gmail,,"50,00,000",2014,Sep-14,web,hacked,1,The Next Web,http://thenextweb.com/google/2014/09/10/4-93-million-gmail-usernames-passwords-published-google-says-evidence-systems-compromised/,,,,,,,,
177,Home Depot,,"5,60,00,000",2014,Sep-14,retail,hacked,3,Krebs on Security,http://krebsonsecurity.com/2014/09/banks-credit-card-breach-at-home-depot/,,,,,,,,
178,Korea Credit Bureau,,"2,00,00,000",2014,Jan-14,financial,inside job,5,Security Week,http://www.securityweek.com/20-million-people-fall-victim-south-korea-data-leak,,,,,,,,
179,Dominios Pizzas (France),,"6,00,000",2014,Jun-14,retail,hacked,1,The Guardian,http://www.theguardian.com/technology/2014/jun/16/dominos-pizza-ransom-hack-data,,,,,,,,
180,Mozilla,,"76,000",2014,Aug-14,web,poor security,2,The Guardian,http://www.theguardian.com/technology/2014/aug/05/mozilla-leak-developer-email-addresses-passwords-firefox,,,,,,,,
181,Carefirst,"Blue Cross, Blue Shield US medical insurer","11,00,000",2015,May-15,healthcare,hacked,1,Carefirst,http://carefirstanswers.com/,,,,,,,,
182,Twitch.tv,Gaming site,"1,00,00,000",2015,Mar-15,healthcare,hacked,1,Twitch,http://blog.twitch.tv/2015/03/important-notice-about-your-twitch-account/,,,,,,,,
183,Premera,US healthcare provider,"1,10,00,000",2015,Mar-15,financial,hacked,5, bank account information, and claims information,healthcare,hacked,,5,,,Computer Weekly,https://www.computerweekly.com/news/2240242508/Premera-hack-exposes-11-million-financial-and-medical-records
184,Uber,,"50,000",2015,Feb-15,"tech, app",poor security,1,Uber,http://blog.uber.com/2-27-15,,,,,,,,
185,Deep Root Analytics,,"19,80,00,000",2015,Dec-15,web,poor security,2,"Reuters, UpGuard",http://uk.reuters.com/article/us-usa-voters-breach-idUKKBN0UB1E020151229,,,,,,,,
186,Kromtech,MacKeeper software,"1,30,00,000",2015,Dec-15,web,hacked,1,The Stack,https://thestack.com/security/2015/12/15/mackeeper-discloses-13-million-mac-users-details-with-poor-hash-protection/,,,,,,,,
187,Invest Bank,United Arab Emirates bank,"40,000",2015,Dec-15,financial,hacked,4,Daily Dot,http://www.dailydot.com/politics/invest-bank-hacker-buba/,,,,,,,,
188,Sanrio,Hello Kitty and other franchises,"33,00,000",2015,Dec-15,web,poor security,2,CSO Online,http://www.csoonline.com/article/3017171/security/database-leak-exposes-3-3-million-hello-kitty-fans.html,,,,,,,,
189,VTech,Toymaker company,"64,00,000",2015,Dec-15,web,hacked,5,The Guardian,http://www.theguardian.com/technology/2015/dec/02/vtech-hack-us-hong-kong-investigate-children-exposed,,,,,,,,
190,Hacking Team,,"5,00,000",2015,Jul-15,web,hacked,5,The Guardian,http://www.theguardian.com/technology/2015/jul/06/hacking-team-hacked-firm-sold-spying-tools-to-repressive-regimes-documents-claim,,,,,,,,
191,AshleyMadison.com,US ex-marital affairs site,"3,70,00,000",2015,Jul-15,web,hacked,1,Krebs on Security,http://krebsonsecurity.com/2015/07/online-cheating-site-ashleymadison-hacked/,,,,,,,,
192,US Office of Personnel Management (2nd Breach),,"2,15,00,000",2015,Jul-15,government,hacked,5,BBC News,http://www.bbc.co.uk/news/world-us-canada-33120405,,,,,,,,
193,US Office of Personnel Management,,"40,00,000",2015,Jun-15,government,hacked,5,,http://www.washingtonpost.com/world/national-security/chinese-hackers-breach-federal-governments-personnel-office/2015/06/04/889c0e52-0af7-11e5-95fd-d580f1c5d44e_story.html?tid=hpModule_04941f10-8a79-11e2-98d9-3012c1cd8d1e,,,,,,,,
194,Australian Immigration Department,,"5,00,000",2015,Mar-15,government,oops!,4,The Guardian,http://www.theguardian.com/world/2015/mar/30/personal-details-of-world-leaders-accidentally-revealed-by-g20-organisers,,,,,,,,
195,IRS,US Tax service,"1,00,000",2015,May-15,government,hacked,1,CNN,http://money.cnn.com/2015/05/26/pf/taxes/irs-website-data-hack/index.html,,,,,,,,
196,MSpy,kid & partner tracking service,"4,00,000",2015,May-15,app,hacked,2,Krebs on Security,http://krebsonsecurity.com/2015/05/mobile-spy-software-maker-mspy-hacked-customer-data-leaked/,,,,,,,,
197,Adult Friend Finder,Internet dating & hookup site,"39,00,000",2015,May-15,web,hacked,1,Channel 4,http://www.channel4.com/news/adult-friendfinder-dating-hack-internet-dark-web,,,,,,,,
198,Securus Technologies,Prison phone service provider,"7,00,00,000",2015,Nov-15,web,hacked,5,The Intercept,https://theintercept.com/2015/11/11/securus-hack-prison-phone-company-exposes-thousands-of-calls-lawyers-and-clients/,,,,,,,,
199,TalkTalk,Telecoms provider,"1,57,000",2015,Nov-15,telecoms,hacked,2,BBC News,http://www.bbc.co.uk/news/uk-34784980,,,,,,,,
200,Experian / T-mobile,,"1,50,00,000",2015,Oct-15,telecoms,hacked,3,Reuters,http://www.reuters.com/article/2015/10/02/us-tmobile-dataprotection-idUSKCN0RV5PL20151002,,,,,,,,
201,Slack,software for remote working,"5,00,000",2015,Mar-15,app,hacked,1,Tech Crunch,http://techcrunch.com/2015/03/27/slack-got-hacked/,,,,,,,,
202,CarPhone Warehouse,UK mobile phone supplier,"24,00,000",2015,Aug-15,telecoms,hacked,5,The Guardian,http://www.theguardian.com/technology/2015/aug/10/carphone-warehouse-uk-data-watchdog-investigating-customer-hack,,,,,,,,
203,British Airways,Frequent flyer accounts,"5,00,000",2015,Mar-15,transport,hacked,1,The Guardian,http://www.theguardian.com/business/2015/mar/29/british-airways-frequent-flyer-accounts-hacked,,,,,,,,
204,Anthem,Second-largest health insurer in the US,"8,00,00,000",2015,Feb-15,healthcare,hacked,2,NYTimes,https://www.nytimes.com/2015/02/05/business/hackers-breached-data-of-millions-insurer-says.html,,,,,,,,
205,LinkedIn,,"11,70,00,000",2016,May-16,web,hacked,1,CNN,http://money.cnn.com/2016/05/19/technology/linkedin-hack/,,,,,,,,
206,Tumblr,,"6,50,00,000",2016,May-16,web,hacked,1,Motherboard,https://motherboard.vice.com/read/hackers-stole-68-million-passwords-from-tumblr-new-analysis-reveals,,,,,,,,
207,Yahoo,,"50,00,00,000",2016,Sep-16,web,hacked,2,Business Insider,http://uk.businessinsider.com/yahoo-hack-by-state-sponsored-actor-biggest-of-all-time-2016-9?r=US&IR=T,,,,,,,,
208,Mossack Fonseca,Panamanian law firm,"1,15,00,000",2016,Apr-16,legal,hacked,5,PanamaPapers,http://panamapapers.sueddeutsche.de/articles/56febff0a1bb8d3c3495adf4/,,,,,,,,
209,Philippinesâ€™ Commission on Elections,COMELEC,"5,50,00,000",2016,Apr-16,government,hacked,5,Trend Micro,http://blog.trendmicro.com/trendlabs-security-intelligence/55m-registered-voters-risk-philippine-commission-elections-hacked/,,,,,,,,
210,Syrian government,,"2,74,477",2016,Apr-16,government,hacked,1,Softpedia,http://news.softpedia.com/news/syrian-government-hacked-43-gb-of-data-spilled-online-by-hacktivists-502765.shtml,,,,,,,,
211,Minecraft,Lifeboat' community,"70,00,000",2016,Apr-16,gaming,hacked,1,Motherboard,http://motherboard.vice.com/read/another-day-another-hack-7-million-emails-and-hashed-passwords-for-minecraft,,,,,,,,
212,Turkish citizenship database,,"4,96,11,709",2016,Apr-16,government,hacked,2,Business Insider,http://www.businessinsider.com/turkish-citizenship-database-allegedly-hacked-and-leaked-2016-4?r=UK&IR=T,,,,,,,,
213,Banner Health,,"37,00,000",2016,Aug-16,healthcare,hacked,3,Healthcare Informatics,https://www.healthcare-informatics.com/news-item/cybersecurity/breaking-massive-cyber-attack-banner-health-affects-37m-individuals,,,,,,,,
214,Mail. ru,Game-related forums,"2,50,00,000",2016,Aug-16,web,hacked,2,ZD Net,http://www.zdnet.com/article/over-25-million-accounts-stolen-after-mail-ru-forums-raided-by-hackers/,,,,,,,,
215,Dropbox,,"6,87,00,000",2016,Aug-16,web,hacked,1,The Telegraph,http://www.telegraph.co.uk/technology/2016/08/31/dropbox-hackers-stole-70-million-passwords-and-email-addresses/,,,,,,,,
216,PayAsUGym,,"3,00,000",2016,Dec-16,web,hacked,1,BBC News,http://www.bbc.co.uk/news/technology-38350987,,,,,,,,
217,Lynda.com,owned by LinkedIn,"95,00,000",2016,Dec-16,web,hacked,1,Neowin,https://www.neowin.net/news/microsoft-owned-linkedin-is-sending-emails-to-users-about-a-lyndacom-data-breach,,,,,,,,
218,Linux Ubuntu forums,,"20,00,000",2016,Jul-16,web,hacked,1,ZDnet,https://www.zdnet.com/article/ubuntu-forums-hack-exposes-two-million-users/,,,,,,,,
219,Wendy's,Restaurant chain,"1,025",2016,Jul-16,retail,hacked,3,Forbes,https://www.forbes.com/sites/moneybuilder/2016/07/08/this-week-in-credit-card-news-wendys-data-breach-affects-1000-stores-card-fraud-dropping/#260a2f727bab,,,,,,,,
220,Clinton campaign,,"50,00,000",2016,Jul-16,government,hacked,2,Reuters,http://news.trust.org/item/20160729204542-r98dj,,,,,,,,
221,uTorrent,,"35,000",2016,Jun-16,web,hacked,1,Torrent Freak,https://torrentfreak.com/utorrent-forums-hacked-passwords-compromised-160608/,,,,,,,,
222,World Check,Run by Thompson Reuters,"22,00,000",2016,Jun-16,media,poor security,3,The Stack,https://thestack.com/security/2016/06/29/2-million-person-terror-database-leaked-online/,,,,,,,,
223,Mutuelle Generale de la Police,French police health insurance,"1,12,000",2016,Jun-16,healthcare,inside job,5,BBC News,http://www.bbc.co.uk/news/world-europe-36645519,,,,,,,,
224,VK,Russia's Facebook,"10,05,44,934",2016,Jun-16,web,hacked,4,Motherboard,http://motherboard.vice.com/read/another-day-another-hack-100-million-accounts-for-vk-russias-facebook,,,,,,,,
225,KM.ru & Nival,News site and email provider/Videogame maker,"15,00,000",2016,Mar-16,web,hacked,4,Motherboard,https://motherboard.vice.com/en_us/article/pgkp57/a-teen-hacker-is-targeting-russian-sites-as-revenge-for-the-mh17-crash,,,,,,,,
226,Fling,Dating site,"4,00,00,000",2016,May-16,web,hacked,4,IBTimes,https://www.ibtimes.co.uk/fling-com-breach-passwords-sexual-preferences-40-million-users-sale-dark-web-1558711,,,,,,,,
227,MySpace,,"16,40,00,000",2016,May-16,web,hacked,1,Motherboard,http://motherboard.vice.com/read/427-million-myspace-passwords-emails-data-breach,,,,,,,,
228,Three,Three mobile company in the UK,"2,00,000",2016,Nov-16,telecoms,hacked,2,Three,http://www.threemediacentre.co.uk/news/2017/handsetfraud-update.aspx,,,,,,,,
229,Red Cross Blood Service,,"5,50,000",2016,Oct-16,healthcare,oops!,4,ABC News,http://www.abc.net.au/news/2016-10-28/red-cross-blood-service-admits-to-data-breach/7974036,,,,,,,,
230,Telegram,Instant messaging service,"1,50,00,000",2016,Aug-16,app,hacked,1,Venture Beat,http://venturebeat.com/2016/08/02/hackers-break-into-telegram-revealing-15-million-users-phone-numbers/,,,,,,,,
231,Dailymotion,video sharing site,"8,52,00,000",2016,Dec-16,web,hacked,1,ZDNet,http://www.zdnet.com/article/dailymotion-hack-exposes-millions-of-accounts/,,,,,,,,
232,Weebly,,"4,30,00,000",2016,Oct-16,web,hacked,4,Tech Crunch,https://techcrunch.com/2016/10/20/weebly-hacked-43-million-credentials-stolen/,,,,,,,,
233,Interpark,,"1,00,00,000",2016,Jul-16,web,hacked,2,NY times,http://www.nytimes.com/2016/07/29/world/asia/north-korea-hacking-interpark.html,,,,,,,,
234,Quest Diagnostics,,"34,000",2016,Dec-16,healthcare,hacked,4,Newsroom,http://newsroom.questdiagnostics.com/2016-12-12-Quest-Diagnostics-Provides-Notice-of-Data-Security-Incident#assets_129,,,,,,,,
235,Friend Finder Network,"Parent company of Adult Friend Finder , Cams.com and Penthouse.com","41,20,00,000",2016,Nov-16,web,hacked,1,ZDNet,http://www.zdnet.com/article/adultfriendfinder-network-hack-exposes-secrets-of-412-million-users/,,,,,,,,
236,Brazzers,Porn site,"7,90,724",2016,Sep-16,web,hacked,4,Motherboard,http://motherboard.vice.com/read/nearly-800000-brazzers-porn-site-accounts-exposed-in-forum-hack,,,,,,,,
237,ClixSense,,"66,00,000",2016,Sep-16,web,hacked,5,Digital trends,http://www.digitaltrends.com/computing/clixsense-hacked/,,,,,,,,
238,Disqus,,"1,75,00,000",2017,Dec-17,web,hacked,4,ZD Net,http://www.zdnet.com/article/disqus-confirms-comments-tool-hacked/,,,,,,,,
239,RootsWeb,,"3,00,000",2017,Dec-17,web,poor security,4,Threat Post,https://threatpost.com/leaky-rootsweb-server-exposes-some-ancestry-com-user-data/129248/,,,,,,,,
240,Yahoo,,"3,20,00,000",2017,Mar-17,web,hacked,4,CNet,https://www.cnet.com/news/yahoo-says-forged-cookie-attack-accessed-about-32m-accounts/,,,,,,,,
241,Uber,,"5,70,00,000",2017,Nov-17,app,hacked,1,Bloomberg,https://www.bloomberg.com/news/articles/2017-11-21/uber-concealed-cyberattack-that-exposed-57-million-people-s-data,,,,,,,,
242,Wonga,,"2,70,000",2017,Apr-17,financial,hacked,4,The Guardian,https://www.theguardian.com/business/2017/apr/09/wonga-data-breach-could-affect-250000-uk-customers?CMP=Share_iOSApp_Other,,,,,,,,
243,Snapchat,,"17,00,000",2017,Apr-17,app,hacked,1,BGR,http://www.bgr.in/news/indian-hacker-group-leaks-data-of-1-7-million-snapchat-users-after-ceos-poor-country-comments-report/,,,,,,,,
244,Spambot,,"71,10,00,000",2017,Aug-17,web,poor security,4,The Guardian,https://www.theguardian.com/technology/2017/aug/30/spambot-leaks-700m-email-addresses-huge-data-breach-passwords,,,,,,,,
245,CEX,,"20,00,000",2017,Aug-17,retail,oops!,3,The Guardian,https://www.theguardian.com/technology/2017/aug/30/spambot-leaks-700m-email-addresses-huge-data-breach-passwords,,,,,,,,
246,Al.type,,"3,10,00,000",2017,Dec-17,app,poor security,4,ZDNet,http://www.zdnet.com/article/popular-virtual-keyboard-leaks-31-million-user-data/,,,,,,,,
247,Cellebrite,,"30,00,000",2017,Jan-17,tech,hacked,2,Motherboard,http://motherboard.vice.com/read/hacker-steals-900-gb-of-cellebrite-data,,,,,,,,
248,Waterly,App for paying water bills,"10,00,000",2017,Jan-17,app,poor security,3,Data Breaches,https://www.databreaches.net/waterly-app-potentially-exposed-up-to-1-million-israelis-details-researcher/,,,,,,,,
249,Swedish Transport Agency,,"30,00,000",2017,Jul-17,government,poor security,5,The Local,https://www.thelocal.se/20170717/swedish-authority-handed-over-keys-to-the-kingdom-in-it-security-slip-up,,,,,,,,
250,Hong Kong Registration & Electoral Office,,"37,00,000",2017,Mar-17,government,lost device,2,SCMP,http://www.scmp.com/news/hong-kong/politics/article/2082566/laptops-containing-37-million-hong-kong-voters-data-stolen,,,,,,,,
251,River City Media,Spam operator,"1,37,00,00,000",2017,Mar-17,web,oops!,2,Guardian,https://www.theguardian.com/technology/2017/mar/06/email-addresses-spam-leak-river-city-media,,,,,,,,
252,DaFont,Font sharing site,"7,00,000",2017,May-17,web,hacked,4,ZD Net,http://www.zdnet.com/article/font-sharing-site-dafont-hacked-thousands-of-accounts-stolen/,,,,,,,,
253,Bell,,"19,00,000",2017,May-17,telecoms,hacked,1,CBC,http://www.cbc.ca/beta/news/technology/bell-data-breach-customer-names-phone-numbers-emails-leak-1.4116608,,,,,,,,
254,Zomato,Restaurants & events,"1,70,00,000",2017,May-17,web,hacked,4,HackRead,https://www.hackread.com/zomato-hacked-17-million-accounts-sold-on-dark-web/,,,,,,,,
255,Imgur,,"17,00,000",2017,Nov-17,app,hacked,4,Imgur,https://blog.imgur.com/2017/11/24/notice-of-data-breach/,,,,,,,,
256,TIO Networks,Owned by Paypal,"16,00,000",2017,Dec-17,financial,hacked,4,Bleeping Computer,https://www.bleepingcomputer.com/news/security/paypal-says-1-6-million-customer-details-stolen-in-breach-at-canadian-subsidiary/,,,,,,,,
257,Malaysian telcos & MVNOs,,"4,62,00,000",2017,Oct-17,telecoms,hacked,4,LowYat,https://www.lowyat.net/2017/146339/46-2-million-mobile-phone-numbers-leaked-from-2014-data-breach/,,,,,,,,
258,Malaysian medical practitioners,,"81,309",2017,Oct-17,healthcare,hacked,4,LowYat,https://www.lowyat.net/2017/146339/46-2-million-mobile-phone-numbers-leaked-from-2014-data-breach/,,,,,,,,
259,Instagram,,"60,00,000",2017,Sep-17,web,hacked,1,The Verge,https://www.theverge.com/2017/9/1/16244304/instagram-hack-api-bug-doxagram-selena-gomez,,,,,,,,
260,Viacom,,"30,00,000",2017,Sep-17,web,hacked,4,The Hacker News,https://thehackernews.com/2017/09/viacom-amazon-server.html,,,,,,,,
261,Equifax,,"14,30,00,000",2017,Sep-17,financial,hacked,4,UK Gov,https://www.consumer.ftc.gov/blog/2017/09/equifax-data-breach-what-do,,,,,,,,
262,SVR Tracking,Vehicle tracking,"5,40,000",2017,Sep-17,app,poor security,4,The Hacker News,https://thehackernews.com/2017/09/hacker-track-car.html,,,,,,,,
263,Click2Gov,,"3,00,000",2018,Dec-18,financial,hacked,3,Fortune,http://fortune.com/2018/12/18/click2gov-local-government-portals-hackers-credit-card-breach/,,,,,,,,
264,SingHealth,,"15,00,000",2018,Jul-18,healthcare,hacked,4,Straits Times,https://www.straitstimes.com/singapore/personal-info-of-15m-singhealth-patients-including-pm-lee-stolen-in-singapores-most,,,,,,,,
265,GovPayNow.com,Government Payment Service Inc,"1,40,00,000",2018,Sep-18,financial,poor security,2,Krebs on Security,https://krebsonsecurity.com/2018/09/govpaynow-com-leaks-14m-records/,,,,,,,,
266,Cathay Pacific Airways,,"94,00,000",2018,Oct-18,transport,hacked,3,ABC News,https://www.abc.net.au/news/2018-10-25/cathay-pacific-data-breach-affects-9.4-million-customers/10429878,,,,,,,,
267,Chinese resume leak,,"20,20,00,000",2018,Dec-18,web,poor security,2,HackenProof,https://blog.hackenproof.com/industry-news/202-million-private-resumes-exposed,,,,,,,,
268,WordPress,,"7,65,00,000",2018,Aug-18,web,poor security,1,ZDNet,https://www.zdnet.com/article/wordpress-plugs-bug-that-led-to-google-indexing-some-user-passwords/,,,,,,,,
269,Google+,,"5,25,00,000",2018,Dec-18,web,poor security,2,The Verge,https://www.theverge.com/2018/12/10/18134541/google-plus-privacy-api-data-leak-developers,,,,,,,,
270,Quora,,"10,00,00,000",2018,Dec-18,web,hacked,1,NY Times,https://www.nytimes.com/2018/12/04/technology/quora-hack-data-breach.html,,,,,,,,
271,Marriott Hotels,,"38,30,00,000",2018,Nov-18,retail,hacked,3,"NY Times, CNET",https://www.nytimes.com/2018/11/30/business/marriott-data-breach.html,,,,,,,,
272,NMBS,Belgian national railway operator,"14,60,000",2018,Dec-18,transport,oops!,2,Flanders Today,http://www.flanderstoday.eu/business/nmbs-data-leak-was-breach-privacy,,,,,,,,
273,Facebook,,"5,00,00,000",2018,Mar-18,web,hacked,1,Guardian,https://www.theguardian.com/news/2018/mar/17/cambridge-analytica-facebook-influence-us-election?CMP=twt_gu,,,,,,,,
274,Panerabread,,"3,70,00,000",2018,Apr-18,retail,poor security,2,"Krebsonsecurity, Medium",https://krebsonsecurity.com/2018/04/panerabread-com-leaks-millions-of-customer-records/,,,,,,,,
275,Aadhaar,,"1,00,00,00,000",2018,Jan-18,government,oops!,3,Guardian,https://www.theguardian.com/world/2018/jan/04/india-national-id-database-data-leak-bought-online-aadhaar,,,,,,,,
276,Dixons Carphone,,"1,00,00,000",2018,Jun-18,telecoms,hacked,1,Dixons Carphone,https://www.dixonscarphone.com/message,,,,,,,,
277,MyHeritage,,"9,22,83,889",2018,Jun-18,web,hacked,1,Bloomberg,https://www.bloomberg.com/news/articles/2018-06-05/hack-of-dna-website-exposes-data-from-92-million-user-accounts,,,,,,,,
278,Saks and Lord & Taylor,Both owned by Hudson's Bay Company,"50,00,000",2018,Apr-18,retail,hacked,3,NYTimes,https://www.nytimes.com/2018/04/01/technology/saks-lord-taylor-credit-cards.html,,,,,,,,
279,Careem,Dubai-born ride hailing service,"1,40,00,000",2018,Apr-18,app,hacked,2,Khaleej Times,https://www.khaleejtimes.com/nation/dubai//dubais-careem-admits-to-data-breach-of-14-million-users,,,,,,,,
280,Texas voter records,,"1,48,00,000",2018,Aug-18,web,poor security,2,TechCrunch,https://techcrunch.com/2018/08/23/millions-of-texas-voter-records-exposed-online/,,,,,,,,
281,British Airways,,"3,80,000",2018,Sep-18,transport,hacked,4,Guardian,https://www.theguardian.com/business/2018/sep/06/british-airways-customer-data-stolen-from-its-website,,,,,,,,
282,T-Mobile,,"20,00,000",2018,Aug-18,telecoms,hacked,1,Motherboard,https://motherboard.vice.com/en_us/article/a3qpk5/t-mobile-hack-data-breach-api-customer-data,,,,,,,,
283,MyFitnessPal,UnderArmour,"15,00,00,000",2018,Mar-18,app,hacked,1,Guardian,https://www.theguardian.com/technology/2018/mar/30/hackers-steal-data-150m-myfitnesspal-app-users-under-armour,,,,,,,,
284,Health South East,Health authority responsible for 10 Norwegian counties.,"30,00,000",2018,Feb-18,healthcare,hacked,4,It Governance,https://www.itgovernance.eu/blog/en/breach-at-norways-largest-healthcare-authority-was-a-disaster-waiting-to-happen,,,,,,,,
285,Nametests,Facebook quiz app owned by Social Sweethearts,"12,00,00,000",2018,Jun-18,app,poor security,1,Medium,https://medium.com/@intideceukelaire/this-popular-facebook-app-publicly-exposed-your-data-for-years-12483418eff8,,,,,,,,
286,Ticketmaster,,"40,000",2018,Jun-18,web,hacked,3,BBC News,https://www.bbc.co.uk/news/technology-44628874,,,,,,,,
287,Firebase,A service from Google,"10,00,00,000",2018,Jun-18,app,poor security,5,Bleeping Computer,https://www.bleepingcomputer.com/news/security/thousands-of-apps-leak-sensitive-data-via-misconfigured-firebase-backends/,,,,,,,,
288,Aadhaar,"India's national, biometric government ID database","1,10,00,00,000",2018,Mar-18,government,poor security,4,ZDNet,http://www.zdnet.com/article/another-data-leak-hits-india-aadhaar-biometric-database/,,,,,,,,
289,Grindr,,"30,00,000",2018,Mar-18,app,poor security,3,NBC News,https://www.nbcnews.com/feature/nbc-out/security-flaws-gay-dating-app-grindr-expose-users-location-data-n858446,,,,,,,,
290,Orbitz,,"8,80,000",2018,Mar-18,web,hacked,3,US News,https://www.usnews.com/news/business/articles/2018-03-20/orbitz-legacy-travel-booking-platform-likely-hacked,,,,,,,,
291,MBM Company,LimogÃ©s Jewellery,"13,00,000",2018,Mar-18,retail,poor security,4,NextWeb,https://thenextweb.com/security/2018/03/14/jewelry-site-accidentally-leaks-personal-details-plaintext-passwords-1-3m-users/,,,,,,,,
292,LocalBlox,datasearch service,"4,80,00,000",2018,May-18,web,poor security,2,UpGuard,https://www.upguard.com/breaches/s3-localblox,,,,,,,,
293,Twitter,,"33,00,00,000",2018,May-18,app,poor security,1,Reuters,https://www.reuters.com/article/us-twitter-passwords/twitter-urges-all-users-to-change-passwords-after-glitch-idUSKBN1I42JG,,,,,,,,
294,ViewFines,South African traffic fines database,"9,34,000",2018,May-18,transport,oops!,4,iAfrikan,https://www.iafrikan.com/2018/05/23/just-under-1-million-personal-records-of-south-africans-leaked-online/,,,,,,,,
295,TicketFly,,"2,70,00,000",2018,Aug-18,web,hacked,2,TicketFly,https://support.ticketfly.com/s/article/41507,,,,,,,,
296,Amazon,,"50,00,000",2018,Nov-18,retail,oops!,1,Guardian,https://www.theguardian.com/technology/2018/nov/21/amazon-hit-with-major-data-breach-days-before-black-friday,,,,,,,,
297,Amazon,,"1,00,000",2018,Nov-18,tech,poor security,1,The Guardian,https://amp.theguardian.com/technology/2018/nov/21/amazon-hit-with-major-data-breach-days-before-black-friday,,,,,,,,
298,Urban Massage,Home massage app,"3,09,000",2018,Nov-18,app,poor security,2,Tech Crunch,https://techcrunch.com/2018/11/27/urban-massage-data-exposed-customers-creepy-clients/?guccounter=1,,,,,,,,
299,Dell,,"1,00,000",2018,Nov-18,tech,hacked,1,Dell,https://www.dell.com/learn/us/en/uscorp1/press-releases/2018-11-28-customer-update,,,,,,,,
300,High Tail Hall,erotic role-playing site,"4,11,000",2018,Nov-18,web,hacked,2,Daily Mail,https://www.dailymail.co.uk/sciencetech/article-6415441/Furry-erotica-site-hit-data-breach-exposed-hundreds-thousands-users-information.html,,,,,,,,
301,SKY Brasil,,"3,20,00,000",2018,Nov-18,telecoms,poor security,1,Bleeping Computer,https://www.bleepingcomputer.com/news/security/sky-brasil-exposes-32-million-customer-records/,,,,,,,,
302,Vision Direct,UK opticians,"1,00,000",2018,Nov-18,retail,hacked,4,It Pro,https://www.itpro.co.uk/data-breaches/32393/attackers-steal-credit-card-details-in-vision-direct-data-breach,,,,,,,,
303,Healthcare.gov,,"75,000",2018,Oct-18,healthcare,hacked,4,GizModo,https://gizmodo.com/healthcare-gov-portal-suffers-data-breach-trump-offici-1829877392?IR=T,,,,,,,,
304,CMS,Centers for Medicare & Medicaid Services,"93,689",2018,Nov-18,healthcare,hacked,2,HCA News,https://www.hcanews.com/news/update-94k-hit-in-cms-data-breach,,,,,,,,
305,Facebook,,"2,90,00,000",2018,Oct-18,web,hacked,2,"Business Insider, Facebook",https://www.businessinsider.com.au/facebook-thinks-spammers-responsible-hack-stole-info-from-29-million-users-2018-10?r=US&IR=T,,,,,,,,
306,Newegg,,"4,50,00,000",2018,Sep-18,retail,hacked,3,Slashdot,https://yro.slashdot.org/story/18/09/19/1417242/hackers-stole-customer-credit-cards-in-newegg-data-breach?utm_source=rss1.0mainlinkanon&utm_medium=feed,,,,,,,,
307,Desjardins Group,,"29,00,000",2019,Jun-19,financial,inside job,2,Straight,https://www.straight.com/news/1257561/massive-desjardins-group-data-breach-caused-employee-whos-been-fired,,,,,,,,
308,US Customs and Border Protection,,"1,00,000",2019,Jun-19,government,hacked,2,Washington Post,https://www.washingtonpost.com/technology/2019/06/10/us-customs-border-protection-says-photos-travelers-into-out-country-were-recently-taken-data-breach/?utm_term=.69c66aaf152f,,,,,,,,
309,Quest Diagnostics,,"1,19,00,000",2019,Jun-19,healthcare,poor security,4,NBC News,https://www.nbcnewyork.com/news/local/Quest-Diagnostics-12-Million-People-Data-Breach-510754611.html,,,,,,,,
310,Australian National University,,"2,00,000",2019,Jun-19,academic,hacked,4,Guardian,https://www.theguardian.com/australia-news/2019/jun/04/australian-national-university-hit-by-huge-data-breach,,,,,,,,
311,Canva,,"13,90,00,000",2019,May-19,web,hacked,2,ZDNet,https://www.zdnet.com/article/australian-tech-unicorn-canva-suffers-security-breach/,,,,,,,,
312,First American Financial Corporation,,"88,50,00,000",2019,May-19,financial,poor security,4,Krebs on Security,https://krebsonsecurity.com/2019/05/first-american-financial-corp-leaked-hundreds-of-millions-of-title-insurance-records/,,,,,,,,
313,Chtrbox,Instagram Influencers,"4,90,00,000",2019,May-19,media,poor security,1,Techcrunch,https://techcrunch.com/2019/05/20/instagram-influencer-celebrity-accounts-scraped/,,,,,,,,
314,WiFi Finder,A hotspot finder app,"20,00,000",2019,Apr-19,app,poor security,1,Techcrunch,https://techcrunch.com/2019/04/22/hotspot-password-leak/,,,,,,,,
315,Toyota,,"31,00,000",2019,Apr-19,transport,hacked,2,Bleeping Computer,https://www.bleepingcomputer.com/news/security/toyota-security-breach-exposes-personal-info-of-31-million-clients/,,,,,,,,
316,BreedReady,Open database in China,"18,00,000",2019,Mar-19,web,poor security,4,The Guardian,https://www.theguardian.com/world/2019/mar/11/china-database-lists-breedready-status-of-18-million-women,,,,,,,,
317,VÃ¥rdguiden,Sweden's healthcare hotline,"27,00,000",2019,Feb-19,healthcare,poor security,5,ComputerSweden,https://computersweden.idg.se/2.2683/1.714787/inspelade-samtal-1177-vardguiden-oskyddade-internet,,,,,,,,
318,Dubsmash,,"16,20,00,000",2019,Feb-19,app,hacked,1,The Register,https://www.theregister.co.uk/2019/02/11/620_million_hacked_accounts_dark_web/,,,,,,,,
319,ShareThis,,"4,10,00,000",2019,Feb-19,web,hacked,1,The Register,https://www.theregister.co.uk/2019/02/11/620_million_hacked_accounts_dark_web/,,,,,,,,
320,HauteLook,,"2,80,00,000",2019,Feb-19,retail,hacked,1,The Register,https://www.theregister.co.uk/2019/02/11/620_million_hacked_accounts_dark_web/,,,,,,,,
321,Animoto,,"2,50,00,000",2019,Feb-19,app,hacked,1,The Register,https://www.theregister.co.uk/2019/02/11/620_million_hacked_accounts_dark_web/,,,,,,,,
322,EyeEm,,"2,20,00,000",2019,Feb-19,web,hacked,1,The Register,https://www.theregister.co.uk/2019/02/11/620_million_hacked_accounts_dark_web/,,,,,,,,
323,8fit,,"2,00,00,000",2019,Feb-19,app,hacked,1,The Register,https://www.theregister.co.uk/2019/02/11/620_million_hacked_accounts_dark_web/,,,,,,,,
324,Whitepages,,"1,80,00,000",2019,Feb-19,web,hacked,1,The Register,https://www.theregister.co.uk/2019/02/11/620_million_hacked_accounts_dark_web/,,,,,,,,
325,Fotolog,,"1,60,00,000",2019,Feb-19,web,hacked,1,The Register,https://www.theregister.co.uk/2019/02/11/620_million_hacked_accounts_dark_web/,,,,,,,,
326,Armor Games,,"1,10,00,000",2019,Feb-19,gaming,hacked,1,The Register,https://www.theregister.co.uk/2019/02/11/620_million_hacked_accounts_dark_web/,,,,,,,,
327,BookMate,,"80,00,000",2019,Feb-19,web,hacked,1,The Register,https://www.theregister.co.uk/2019/02/11/620_million_hacked_accounts_dark_web/,,,,,,,,
328,CoffeeMeetsBagel,,"60,00,000",2019,Feb-19,web,hacked,1,The Register,https://www.theregister.co.uk/2019/02/11/620_million_hacked_accounts_dark_web/,,,,,,,,
329,Artsy,,"10,00,000",2019,Feb-19,web,hacked,1,The Register,https://www.theregister.co.uk/2019/02/11/620_million_hacked_accounts_dark_web/,,,,,,,,
330,DataCamp,,"7,00,000",2019,Feb-19,web,hacked,1,The Register,https://www.theregister.co.uk/2019/02/11/620_million_hacked_accounts_dark_web/,,,,,,,,
331,Ixigo,,"1,80,00,000",2019,Feb-19,transport,poor security,1,Techcrunch,https://techcrunch.com/2019/02/14/hacker-strikes-again/,,,,,,,,
332,YouNow,,"4,00,00,000",2019,Feb-19,web,hacked,1,Techcrunch,https://techcrunch.com/2019/02/14/hacker-strikes-again/,,,,,,,,
333,Houzz,,"5,70,00,000",2019,Feb-19,retail,hacked,2,Techcrunch,https://techcrunch.com/2019/01/31/houzz-data-breach/,,,,,,,,
334,Ge.tt,,"18,00,000",2019,Feb-19,web,hacked,1,Techcrunch,https://techcrunch.com/2019/02/14/hacker-strikes-again/,,,,,,,,
335,Coinmama,,"4,50,000",2019,Feb-19,financial,hacked,1,Techcrunch,https://techcrunch.com/2019/02/14/hacker-strikes-again/,,,,,,,,
336,Roll20,,"40,00,000",2019,Feb-19,gaming,hacked,1,Techcrunch,https://techcrunch.com/2019/02/14/hacker-strikes-again/,,,,,,,,
337,Stronghold Kingdoms,,"50,00,000",2019,Feb-19,gaming,hacked,1,Techcrunch,https://techcrunch.com/2019/02/14/hacker-strikes-again/,,,,,,,,
338,Petflow,,"10,00,000",2019,Feb-19,retail,poor security,1,Techcrunch,https://techcrunch.com/2019/02/14/hacker-strikes-again/,,,,,,,,
339,500px,,"1,48,00,000",2019,Feb-19,web,hacked,2,PetaPixel,https://petapixel.com/2019/02/13/500px-hacked-personal-data-stolen-from-all-14-8-million-users/,,,,,,,,
340,Blur,password manager,"24,00,000",2019,Jan-19,tech,oops!,1,ZDNet,https://www.zdnet.com/article/data-of-2-4-million-blur-password-manager-users-left-exposed-online/,,,,,,,,
341,Blank Media Games,,"76,00,000",2019,Jan-19,gaming,hacked,1,ZDNet,https://www.zdnet.com/article/town-of-salem-game-suffers-data-breach-exposing-7-6-million-user-details/,,,,,,,,
342,Indian Jobseekers,,"27,52,65,298",2019,May-19,web,poor security,2,Bleeping Computer,https://www.bleepingcomputer.com/news/security/over-275-million-records-exposed-by-unsecured-mongodb-database/,,,,,,,,
343,Bulgarian National Revenue Agency,,"50,00,000",2019,Jul-19,government,hacked,2,ZDNet,https://www.zdnet.com/article/hacker-steals-data-of-millions-of-bulgarians-emails-it-to-local-media/,,,,,,,,
344,Capital One,,"10,00,00,000",2019,Jul-19,financial,hacked,3,Forbes,https://www.forbes.com/sites/rachelsandler/2019/07/29/capital-one-says-hacker-breached-accounts-of-100-million-people-ex-amazon-employee-arrested/#2a5cb36b41d2,,,,,,,,
345,Suprema,biometrics security company,"2,78,00,000",2019,Aug-19,tech,poor security,5,Guardian,https://www.theguardian.com/technology/2019/aug/14/major-breach-found-in-biometrics-system-used-by-banks-uk-police-and-defence-firms,,,,,,,,
346,Facebook,,"41,90,00,000",2019,Sep-19,web,poor security,2,Fast Company,https://www.fastcompany.com/90399734/the-phone-numbers-of-419-million-facebook-accounts-have-been-leaked,,,,,,,,
347,UCLA Health,,"45,00,000",2015,May-15,healthcare,hacked,4,Health IT Security,https://healthitsecurity.com/news/ucla-health-reaches-7.5m-settlement-over-2015-breach-of-4.5m,,,,,,,,
348,DoorDash,food delivery company,"49,00,000",2019,Sep-19,transport,hacked,2,Techcrunch,https://techcrunch.com/2019/09/26/doordash-data-breach/,,,,,,,,
349,BriansClub,site selling stolen card data,"2,60,00,000",2019,Oct-19,web,hacked,3,Ars Technica,https://arstechnica.com/information-technology/2019/10/data-for-a-whopping-26-million-stolen-payment-cards-leaked-in-hack-of-fraud-bazaar/,,,,,,,,
